is_deleted;create_by;id;uid;jhi_user;sourceaddress;cargodescription;destinationaddress;update_date;create_date
false;admin;1;Representative Home Loan Account;Lithuania Andorra;El Salvador Colon US Dollar;74432;Human;2017-05-26T06:39:27;2017-05-25T22:52:05
false;admin;2;Pine Vatu Incredible;Paradigm protocol Toys;engineer Outdoors function;68899;Assistant Planner;2017-05-26T11:42:27;2017-05-26T12:46:30
false;admin;3;experiences Money Market Account;Central;Practical Metal Fish;20647;evolve;2017-05-26T11:05:16;2017-05-25T20:08:03
false;admin;4;Ramp;distributed capacity virtual;Haiti deposit;42476;green;2017-05-25T22:46:18;2017-05-26T09:06:38
false;admin;5;5th generation Port;Handcrafted Views;Developer multimedia Ergonomic;95101;visualize;2017-05-26T05:49:13;2017-05-26T14:50:08
false;admin;6;Quality Checking Account Tuna;Wooden toolset;Bedfordshire Beauty;82486;Granite copy;2017-05-26T09:21:23;2017-05-26T04:24:11
false;admin;7;Associate Sleek;overriding;Internal Dynamic;28926;zero tolerance GB;2017-05-26T12:31:46;2017-05-25T22:30:41
false;admin;8;Home Loan Account Awesome Cotton Keyboard Web;indexing Customer;technologies Concrete;25802;process improvement;2017-05-25T19:27:39;2017-05-26T01:00:23
false;admin;9;reboot National Producer;Rustic Fresh Fish Indiana;Borders connecting;27825;Mississippi white compress;2017-05-26T01:58:44;2017-05-26T14:02:19
false;admin;10;bluetooth;Manor mint green;Investor Sleek;73182;withdrawal Metal;2017-05-26T00:47:33;2017-05-26T12:38:43
